version,fetched_at
2026.09.0-202,2026-08-31T18:42:36Z
2026.09.0-216,2026-09-01T16:01:36Z
2026.09.0-231,2026-09-02T15:54:48Z
2026.09.0-236,2026-09-02T15:54:47Z
2026.09.0-256,2026-09-03T15:43:37Z
2026.09.1-2,2026-09-05T14:30:33Z
2026.10.0-9,2026-09-04T15:42:15Z
2026.10.0-15,2026-09-05T14:30:33Z
2026.10.0-25,2026-09-09T15:51:52Z
2026.10.0-31,2026-09-10T15:46:30Z
2026.10.0-40,2026-09-11T15:48:28Z
2026.10.0-47,2026-09-11T15:48:28Z
2026.10.0-54,2026-09-14T17:36:08Z
2026.10.0-56,2026-09-15T16:10:11Z
2026.10.0-59,2026-09-16T16:03:43Z
2026.10.0-62,2026-09-17T16:09:57Z
2026.10.0-70,2026-09-18T15:45:35Z
2026.10.0-80,2026-09-22T16:12:34Z
2026.10.0-85,2026-09-22T16:12:34Z
2026.10.0-89,2026-09-23T16:01:28Z
2026.10.0-100,2026-09-24T16:26:15Z
2026.10.0-113,2026-09-25T16:26:44Z
2026.10.0-128,2026-09-28T19:11:51Z
2026.10.0-150,2026-09-29T17:33:47Z
2026.10.0-177,2026-10-01T17:57:27Z
2026.10.0-189,2026-10-01T17:57:27Z
2026.10.0-208,2026-10-02T17:23:20Z
2026.10.0-226,2026-10-06T17:52:05Z
2026.10.0-249,2026-10-06T17:52:05Z
2026.10.0-266,2026-10-07T18:23:02Z
