version,fetched_at
2025.12.2-5,2025-12-16T08:30:39Z
2026.01.0-4,2025-12-01T22:37:16Z
2026.01.0-12,2025-12-03T03:19:26Z
2026.01.0-24,2025-12-04T03:21:32Z
2026.01.0-31,2025-12-05T03:21:02Z
2026.01.0-45,2025-12-05T21:52:31Z
2026.01.0-59,2025-12-08T13:40:46Z
2026.01.0-67,2025-12-10T03:25:00Z
2026.01.0-71,2025-12-11T03:26:55Z
2026.01.0-79,2025-12-12T03:26:04Z
2026.01.0-85,2025-12-13T03:17:46Z
2026.01.0-98,2025-12-16T03:26:49Z
2026.01.0-103,2025-12-16T08:30:38Z
2026.01.0-128,2025-12-20T03:17:39Z
2026.01.0-135,2025-12-23T03:38:15Z
2026.01.0-137,2025-12-24T03:26:02Z
2026.01.0-138,2025-12-25T03:38:17Z
2026.01.0-146,2026-01-07T02:24:43Z
2026.01.0-147,2026-01-07T02:24:42Z
2026.02.0-10,2026-01-08T03:41:27Z
2026.02.0-22,2026-01-09T03:42:10Z
2026.02.0-27,2026-01-10T03:26:27Z
2026.02.0-34,2026-01-12T09:50:33Z
2026.02.0-48,2026-01-14T03:49:34Z
2026.02.0-56,2026-01-15T03:43:25Z
2026.02.0-61,2026-01-16T03:41:45Z
2026.02.0-87,2026-01-21T03:46:20Z
2026.02.0-88,2026-01-22T03:49:55Z
2026.02.0-97,2026-01-23T03:44:54Z
2026.02.0-104,2026-01-24T03:38:24Z
